,Min_exp,Max_exp,Min_sal,Max_sal,job_title,location,date,rating,company_name,role,industry_type,functional_area,emp_type,education
0,4 , 7  ,,,Data Scientist,bangalore,2023-06-20,4.3,applied materials,data scientist,telecom,analytics,fulltime,be
1,8 , 12  ,,,Data Scientist,bangalore,2023-06-20,4.2,dell technologies,data scientist,it,analytics,fulltime,graduate
2,6 , 10  ,,,Data Scientist,bangalore,2023-06-20,4.1,accenture,data scientist,it,analytics,fulltime,graduate
3,2 , 4  ,300000,400000,Data Scientist,bangalore,2023-06-16,4.1,concentrix daksh services,data scientist,bpo,analytics,fulltime,graduate
4,7 , 10  ,,,Data Scientist,bangalore,2023-06-17,4.3,applied materials,data scientist,telecom,analytics,fulltime,graduate
5,7 , 10  ,,,Data Scientist,bangalore,2023-06-17,4.3,applied materials,data scientist,telecom,analytics,fulltime,graduate
6,7 , 10  ,,,Data Scientist,bangalore,2023-06-17,4.3,applied materials,data scientist,telecom,analytics,fulltime,graduate
7,7 , 10  ,,,Data Scientist,bangalore,2023-06-17,4.2,schneider electric,data scientist,electrical,analytics,fulltime,graduate
8,7 , 10  ,,,Data Scientist,bangalore,2023-06-16,4.3,applied materials,data scientist,electronic,analytics,fulltime,graduate
9,7 , 10  ,,,Data Scientist,bangalore,2023-06-16,4.3,applied materials,data scientist,electronic,analytics,fulltime,graduate
10,1 , 4  ,,,Data Scientist,bangalore,2023-06-16,4.4,at and t global business services india p ltd,data scientist,telecom,analytics,fulltime,graduate
11,3 , 7  ,700000,1200000,Data Scientist,bangalore,2023-06-16,3.7,evalueserve,data scientist,banking,analytics,fulltime,graduate
12,,,,,Data Scientist,,2023-06-20,,,,,,,
13,3 , 8  ,,,Data Scientist,pune,2023-06-14,,avap agile,data scientist,it,analytics,fulltime,graduate
14,0 , 2  ,,,Data Scientist,mumbai,2023-06-14,4.3,tata capital ltd,data scientist,financial,analytics,fulltime,graduate
15,5 , 9  ,,,Data Scientist,bangalore,2023-06-14,4.2,walmart,data scientist,it,analytics,fulltime,graduate
16,5 , 9  ,,,Data Scientist,bangalore,2023-06-16,4.2,walmart,data scientist,it,analytics,fulltime,graduate
17,10 , 14  ,,,Data Scientist,pune,2023-06-18,4.0,icertis solutions,data scientist,software,analytics,fulltime,graduate
18,2 , 5  ,,,Data Scientist,bangalore,2023-06-02,3.5,fabhotel aay kay model town,data scientist,hotels,analytics,fulltime,graduate
19,9 , 14  ,,,Data Scientist,mumbai,2023-06-08,4.4,xoriant,data scientist,it,analytics,fulltime,graduate
20,12 , 16  ,,,Data Scientist,bangalore,2023-06-08,4.4,sap,data scientist,it,analytics,fulltime,graduate
21,5 , 10  ,,,Data Scientist,bangalore,2023-06-09,4.4,sap,data scientist,it,analytics,fulltime,be
22,7 , 11  ,,,Data Scientist,bangalore,2023-06-07,4.1,accenture,data scientist,it,analytics,fulltime,be
23,7 , 11  ,,,Data Scientist,bangalore,2023-06-07,4.1,accenture,data scientist,it,analytics,fulltime,be
24,5 , 10  ,,,Data Scientist,bangalore,2023-06-06,4.1,accenture,data scientist,it,analytics,fulltime,bsc
25,3 , 6  ,,,Data Scientist,bangalore,2023-06-06,4.2,siemens,data scientist,industrial,analytics,fulltime,graduate
26,4 , 8  ,,,Data Scientist,bangalore,2023-06-01,4.2,walmart,data scientist,it,analytics,fulltime,graduate
27,6 , 10  ,,,Data Scientist,bangalore,2023-06-17,4.4,vmware,data scientist,software,analytics,fulltime,graduate
28,6 , 9  ,,,Data Scientist,hydrabad,2023-05-23,4.2,verizon,data scientist,telecom,analytics,fulltime,graduate
29,4 , 8  ,,,Data Scientist,pune,2023-05-23,4.1,accubits technologies,data scientist,it,analytics,fulltime,graduate
30,5 , 8  ,,,Data Scientist,pune,2023-06-13,3.0,xpheno,data scientist,recruitment,analytics,fulltime,bca
31,8 , 13  ,,,Data Scientist,pune,2023-05-23,3.6,eclerx,data scientist,it,analytics,fulltime,graduate
32,2 , 7  ,,,Data Scientist,pune,2023-06-13,4.1,intellect design arena limited,data scientist,banking,analytics,fulltime,graduate
33,3 , 8  ,,,Data Scientist,bangalore,2023-06-10,,teq analytics,data scientist,it,analytics,fulltime,be
34,4 , 5  ,,,Data Scientist,bangalore,2023-06-20,,viaprom,data scientist,analytics,analytics,fulltime,mtech
35,0 , 2  ,,,Data Scientist,mumbai,2023-05-31,3.6,zineone,data scientist,it,analytics,fulltime,graduate
36,4 , 8  ,,,Data Scientist,bangalore,2023-05-23,4.4,vmware,data scientist,software,analytics,fulltime,graduate
37,3 , 7  ,,,Data Scientist,bangalore,2023-05-23,4.4,sap,data scientist,it,analytics,fulltime,graduate
38,3 , 5  ,,,Data Scientist,bangalore,2023-05-30,4.2,schneider electric,data scientist,electrical,analytics,fulltime,graduate
39,5 , 10  ,1700000,250000010,Data Scientist,bangalore,2023-05-27,4.4,maersk,data scientist,ports,analytics,fulltime,be
40,3 , 6  ,700000,1500000,Data Scientist,bangalore,2023-05-23,3.7,evalueserve,data scientist,management,analytics,fulltime,be
41,5 , 8  ,,,Data Scientist,bangalore,2023-05-25,4.1,groww,data scientist,internet,analytics,fulltime,graduate
42,7 , 11  ,,,Data Scientist,bangalore,2023-05-25,4.1,accenture,data scientist,it,analytics,fulltime,be
43,9 , 14  ,1100000,2100000,Data Scientist,bangalore,2023-05-23,3.9,wipro,data scientist,it,analytics,fulltime,graduate
44,2 , 5  ,,,Data Scientist,bangalore,2023-05-24,4.0,cred,data scientist,fintech,analytics,fulltime,graduate
45,3 , 8  ,,,Data Scientist,bangalore,2023-06-16,4.1,concentrix,data scientist,it,analytics,fulltime,graduate
46,3 , 6  ,,,Data Scientist,chennai,2023-05-23,4.2,pfizer,data scientist,engineering,analytics,fulltime,graduate
47,4 , 8  ,,,Data Scientist,bangalore,2023-05-23,4.2,walmart,data scientist,it,analytics,fulltime,graduate
48,2 , 7  ,,,Data Scientist,bangalore,2023-05-23,4.2,swiggy,data scientist,internet,analytics,fulltime,graduate
49,6 , 12  ,,,Data Scientist,bangalore,2023-05-23,4.1,uber,data scientist,internet,analytics,fulltime,graduate
50,1 , 4  ,,,Data Scientist,bangalore,2023-06-16,4.1,uber,data scientist,internet,analytics,fulltime,graduate
51,11 , 15  ,,,Data Scientist,indiaindia,2023-06-10,4.1,accenture,data scientist,it,analytics,fulltime,graduate
52,1 , 3  ,,,Data Scientist,bangalore,2023-05-23,3.8,ey,data scientist,it,analytics,fulltime,graduate
53,3 , 7  ,,,Data Scientist,bangalore,2023-05-23,4.1,visa,data scientist,it,analytics,fulltime,graduate
54,8 , 10  ,,,Data Scientist,bangalore,2023-05-23,4.4,at and t global business services india p ltd,data scientist,telecom,analytics,fulltime,graduate
55,2 , 7  ,,,Data Scientist,bangalore,2023-05-23,4.4,sap,data scientist,it,analytics,fulltime,be
56,3 , 6  ,,,Data Scientist,bangalore,2023-05-23,4.1,ihs markit,data scientist,it,analytics,fulltime,graduate
57,4 , 9  ,,,Data Scientist,bangalore,2023-06-01,4.4,sap,data scientist,it,analytics,fulltime,bsc
58,7 , 11  ,,,Data Scientist,bangalore,2023-06-01,4.2,walmart,data scientist,it,analytics,fulltime,graduate
59,4 , 8  ,,,Data Scientist,bangalore,2023-06-10,4.2,walmart,data scientist,it,analytics,fulltime,graduate
60,2 , 6  ,,,Data Scientist,hydrabad,2023-06-10,4.2,drreddy's,data scientist,medical,analytics,fulltime,be
61,2 , 5  ,,,Data Scientist,hydrabad,2023-06-10,4.2,drreddy's,data scientist,medical,analytics,fulltime,graduate
62,2 , 5  ,,,Data Scientist,hydrabad,2023-06-21,4.2,drreddy's,data scientist,medical,analytics,fulltime,graduate
63,8 , 13  ,,,Data Scientist,pune,2023-06-22,,trh consultancy services,data scientist,it,analytics,fulltime,be
64,5 , 10  ,1100000,1700000,Data Scientist,pune,2023-05-23,,team plus staffing solution pvt ltd  ,data scientist,fintech,analytics,fulltime,graduate
65,5 , 8  ,1700000,2500000,Data Scientist,pune,2023-06-01,3.8,e&y,data scientist,it,analytics,fulltime,graduate
66,9 , 12  ,,,Data Scientist,bangalore,2023-06-02,5.0,alpha net,data scientist,it,analytics,fulltime,graduate
67,3 , 5  ,,,Data Scientist,bangalore,2023-06-02,3.8,bristlecone,data scientist,it,analytics,fulltime,graduate
68,8 , 13  ,,,Data Scientist,hydrabad,2023-06-14,4.2,optum,data scientist,medical,analytics,fulltime,graduate
69,6 , 11  ,,,Data Scientist,pune,2023-06-16,,huquo consulting pvt ltd,data scientist,analytics,analytics,fulltime,be
70,4 , 9  ,,,Data Scientist,pune,2023-06-20,,anlage infotech i pvt ltd   ,data scientist,it,analytics,fulltime,be
71,6 , 8  ,,,Data Scientist,mumbai,2023-06-15,2.1,adviserlogic,data scientist,it,analytics,fulltime,be
72,3 , 7  ,,,Data Scientist,mumbai,2023-06-15,,spiceworks,data scientist,it,analytics,fulltime,graduate
73,3 , 6  ,,,Data Scientist,mumbai,2023-05-23,2.1,adviserlogic,data scientist,it,analytics,fulltime,graduate
74,5 , 10  ,,,Data Scientist,mumbai,2023-06-03,3.7,nseit ltd,data scientist,it,analytics,fulltime,graduate
75,0 , 2  ,1200000,1500000,Data Scientist,mumbai,2023-06-21,2.0,nds infoserv,data scientist,it,analytics,fulltime,phd
76,1 , 6  ,,,Data Scientist,bangalore,2023-05-23,,talpro,data scientist,it,analytics,fulltime,bsc
77,3 , 7  ,,,Data Scientist,bangalore,2023-05-23,4.2,payu,data scientist,financial,analytics,fulltime,graduate
78,3 , 8  ,,,Data Scientist,bangalore,2023-06-21,4.3,gojek,data scientist,film,analytics,fulltime,graduate
79,8 , 10  ,,,Data Scientist,gurgoan,2023-05-23,4.3,ecom express private limited,data scientist,courier,analytics,fulltime,graduate
80,3 , 9  ,,,Data Scientist,bangalore,2023-06-13,4.3,gojek,data scientist,film,analytics,fulltime,graduate
81,4 , 8  ,,,Data Scientist,bangalore,2023-05-23,,m/s nile  ,data scientist,it,analytics,fulltime,graduate
82,3 , 7  ,,,Data Scientist,bangalore,2023-05-23,4.0,bcd travel,data scientist,travel,analytics,fulltime,graduate
83,6 , 11  ,,,Data Scientist,bangalore,2023-05-23,4.0,rapido,data scientist,it,analytics,fulltime,graduate
84,4 , 8  ,,,Data Scientist,bangalore,2023-05-23,4.3,paypal,data scientist,internet,analytics,fulltime,graduate
85,4 , 8  ,,,Data Scientist,bangalore,2023-05-23,4.2,atlassian,data scientist,it,analytics,fulltime,graduate
86,2 , 8  ,,,Data Scientist,bangalore,2023-06-08,3.7,envestnet yodlee,data scientist,financial,analytics,fulltime,graduate
87,3 , 5  ,,,Data Scientist,gurgoan,2023-05-26,4.1,accenture,data scientist,it,analytics,fulltime,graduate
88,4 , 7  ,,,Data Scientist,hydrabad,2023-05-24,3.6,highradius,data scientist,it,analytics,fulltime,graduate
89,3 , 6  ,,,Data Scientist,hydrabad,2023-05-23,3.9,globaldata,data scientist,it,analytics,fulltime,graduate
90,2 , 7  ,,,Data Scientist,hydrabad,2023-06-07,4.1,accenture,data scientist,it,analytics,fulltime,graduate
91,5 , 10  ,,,Data Scientist,bangalore,2023-06-07,,trh consultancy services,data scientist,it,analytics,fulltime,graduate
92,1 , 6  ,,,Data Scientist,pune,2023-05-23,,confidential,data scientist,banking,analytics,fulltime,graduate
93,4 , 8  ,,,Data Scientist,pune,2023-05-23,4.3,msys tech india pvt ltd,data scientist,it,analytics,fulltime,graduate
94,4 , 8  ,,,Data Scientist,pune,2023-06-07,4.3,msys tech india pvt ltd,data scientist,it,analytics,fulltime,graduate
95,5 , 10  ,,,Data Scientist,pune,2023-06-14,5.0,maxima consulting,data scientist,it,analytics,fulltime,graduate
96,4 , 8  ,,,Data Scientist,pune,2023-06-09,,rekruiters resource managment llp,data scientist,management,analytics,fulltime,graduate
97,3 , 8  ,2000000,2500000,Data Scientist,pune,2023-06-13,4.1,celebal technologies private limited,data scientist,it,analytics,fulltime,graduate
98,4 , 9  ,,,Data Scientist,mumbai,2023-06-14,3.5,vasta bio-informatics pvt ltd,data scientist,medical,analytics,fulltime,graduate
99,2 , 3  ,,,Data Scientist,mumbai,2023-06-14,3.0,liquiloans,data scientist,financial,analytics,fulltime,bca
100,3 , 7  ,,,Data Scientist,mumbai,2023-06-13,4.3,think360,data scientist,management,analytics,fulltime,be
101,5 , 10  ,,,Data Scientist,mumbai,2023-06-10,3.5,liases foras real estate rating and research private limited,data scientist,analytics,analytics,fulltime,other
102,3 , 6  ,,,Data Scientist,mumbai,2023-05-31,3.0,liquiloans,data scientist,financial,analytics,fulltime,graduate
103,0 , 2  ,,,Data Scientist,mumbai,2023-05-27,3.9,sciative solutions private limited,data scientist,it,analytics,fulltime,ba
104,2 , 6  ,,,Data Scientist,gurgoan,2023-05-30,3.6,ofb tech,data scientist,fintech,analytics,fulltime,be
105,7 , 11  ,,,Data Scientist,wfh,2023-06-20,4.3,nagarro,data scientist,it,analytics,fulltime,graduate
106,3 , 5  ,1400000,1700000,Data Scientist,bangalore,2023-06-17,3.8,strivex consulting pvt ltd,data scientist,it,analytics,fulltime,be
107,1 , 2  ,,,Data Scientist,hydrabad,2023-05-31,2.6,gameopedia as,data scientist,internet,analytics,fulltime,be
108,3 , 8  ,,,Data Scientist,pune,2023-05-24,,talpro,data scientist,it,analytics,fulltime,graduate
109,4 , 9  ,,,Data Scientist,pune,2023-06-13,,altimax business solutions,data scientist,it,analytics,fulltime,graduate
110,3 , 7  ,,,Data Scientist,pune,2023-05-23,4.4,eversana,data scientist,it,analytics,fulltime,postgraduate
111,6 , 11  ,,,Data Scientist,pune,2023-05-23,4.2,bny mellon,data scientist,banking,analytics,fulltime,graduate
112,7 , 12  ,,,Data Scientist,pune,2023-06-10,4.1, xpressbees busybees logistics solutions private limited  ,data scientist,courier,analytics,fulltime,be
113,3 , 6  ,,,Data Scientist,bangalore,2023-06-20,,jobs territory  ,data scientist,internet,analytics,fulltime,bsc
114,0 , 4  ,800000,1800000,Data Scientist,pune,2023-06-22,,talentify  ,data scientist,it,analytics,fulltime,graduate
115,3 , 4  ,,,Data Scientist,bangalore,2023-06-21,,valenta ai pvt ltd,data scientist,it,analytics,fulltime,graduate
116,5 , 8  ,,,Data Scientist,bangalore,2023-06-20,4.2,vega intellisoft private limited,data scientist,it,analytics,fulltime,graduate
117,2 , 7  ,,,Data Scientist,bangalore,2023-06-20,,nao llc,data scientist,medical,analytics,fulltime,graduate
118,8 , 13  ,,,Data Scientist,bangalore,2023-06-17,5.0,blj tech geeks ,data scientist,recruitment,analytics,fulltime,be
119,3 , 6  ,,,Data Scientist,bangalore,2023-06-17,,syllogistics ai,data scientist,it,analytics,fulltime,be
120,2 , 4  ,,,Data Scientist,bangalore,2023-06-17,4.0,betterplace,data scientist,it,analytics,fulltime,graduate
121,3 , 6  ,,,Data Scientist,bangalore,2023-06-17,3.6,western international llc,data scientist,it,analytics,fulltime,ms
122,3 , 7  ,,,Data Scientist,bangalore,2023-06-16,,analytics saves at work india private limited ,data scientist,it,analytics,fulltime,be
123,4 , 7  ,,,Data Scientist,bangalore,2023-06-16,4.2,synapsica technologies private limited,data scientist,medical,analytics,fulltime,graduate
124,5 , 12  ,,,Data Scientist,bangalore,2023-06-16,5.0,teamplus staffing solution pvt ltd,data scientist,recruitment,analytics,fulltime,graduate
125,6 , 10  ,,,Data Scientist,bangalore,2023-06-15,3.6,aspect technology center india private limited ,data scientist,it,analytics,fulltime,bsc
126,9 , 10  ,,,Data Scientist,bangalore,2023-05-26,4.6,ihcc,data scientist,engineering,analytics,fulltime,graduate
127,8 , 12  ,,,Data Scientist,bangalore,2023-05-24,4.3,allstate solutions aspl,data scientist,it,analytics,fulltime,graduate
128,6 , 11  ,1000000,2000000,Data Scientist,bangalore,2023-06-02,,randstad india private limited ,data scientist,telecom,analytics,fulltime,graduate
129,4 , 8  ,,,Data Scientist,noida,2023-05-30,3.3,mothersonsumi infotech & designs limited ,data scientist,it,analytics,fulltime,bsc
130,0 , 5  ,500000,1000000,Data Scientist,bangalore,2023-06-14,,vishwakarma consultancy services  ,data scientist,software,analytics,fulltime,be
131,0 , 2  ,50000,125000,Data Scientist,bangalore,2023-06-11,4.7,datatrained,data scientist,education,analytics,fulltime,graduate
132,5 , 10  ,,,Data Scientist,bangalore,2023-06-10,,consus itechnologies pvt ltd,data scientist,it,analytics,fulltime,be
133,3 , 5  ,,,Data Scientist,bangalore,2023-05-31,,cognial artificial intelligence solutions pvt ltd,data scientist,it,analytics,fulltime,bsc
134,5 , 7  ,,,Data Scientist,pune,2023-05-23,,aim recruits,data scientist,it,analytics,fulltime,ba
135,10 , 14  ,,,Data Scientist,pune,2023-05-23,,corner tree consulting,data scientist,it,analytics,fulltime,be
136,4 , 6  ,,,Data Scientist,pune,2023-06-17,,change leaders consulting,data scientist,analytics,analytics,fulltime,graduate
137,7 , 12  ,,,Data Scientist,pune,2023-05-24,,placeminds consulting pvt ltd,data scientist,analytics,analytics,fulltime,bsc
138,0  ,,,,Data Scientist,hydrabad,2023-06-02,4.8,zeominds it solutions private limited ,data scientist,education,analytics,fulltime,graduate
139,2 , 6  ,,,Data Scientist,pune,2023-06-06,,vantageiq technologies opc private limited ,data scientist,it,analytics,fulltime,graduate
140,2 , 5  ,,,Data Scientist,pune,2023-05-23,4.6,ss supply chain solutions pvt ltd 3sc,data scientist,courier,analytics,fulltime,graduate
141,3 , 8  ,1800000,2750000,Data Scientist,pune,2023-05-31,,global telecom setup,data scientist,telecom,analytics,fulltime,graduate
142,7 , 12  ,,,Data Scientist,mumbai,2023-05-23,4.7,quantinsti quantitative learning pvt ltd,data scientist,it,analytics,fulltime,graduate
143,2 , 7  ,,,Data Scientist,mumbai,2023-05-23,,svkms narsee monjee institute of management studies - nmims,data scientist,it,analytics,fulltime,graduate
144,4 , 9  ,,,Data Scientist,mumbai,2023-05-23,,seven consultancy hr solution,data scientist,recruitment,analytics,fulltime,graduate
145,2 , 7  ,,,Data Scientist,mumbai,2023-05-23,,seven consultancy hr solution,data scientist,recruitment,analytics,fulltime,graduate
146,2 , 3  ,,,Data Scientist,mumbai,2023-05-23,4.8,accreteai,data scientist,engineering,analytics,fulltime,graduate
147,1 , 3  ,,,Data Scientist,mumbai,2023-05-25,4.0,testbook edu solutions,data scientist,internet,analytics,fulltime,be
148,3 , 7  ,750000,1750000,Data Scientist,mumbai,2023-05-26,4.1,visible alpha,data scientist,financial,analytics,fulltime,be
149,6 , 11  ,,,Data Scientist,mumbai,2023-05-23,,manufacturing sector,data scientist,engineering,analytics,fulltime,be
150,3 , 5  ,,,Data Scientist,mumbai,2023-05-23,,fundnel limited,data scientist,internet,analytics,fulltime,graduate
151,3 , 8  ,,,Data Scientist,mumbai,2023-05-23,4.5,everestek llc,data scientist,film,analytics,fulltime,graduate
152,2 , 7  ,,,Data Scientist,mumbai,2023-05-23,,fountain9,data scientist,it,analytics,fulltime,be
153,2 , 4  ,1000000,1500000,Data Scientist,mumbai,2023-06-01,3.3,eureka outsourcing solutions pvt ltd on behalf of amygb,data scientist,software,analytics,fulltime,graduate
154,4 , 9  ,,,Data Scientist,mumbai,2023-05-23,4.1,zepto,data scientist,internet,analytics,fulltime,graduate
155,3 , 8  ,,,Data Scientist,mumbai,2023-06-21,,red lotus,data scientist,ngo,analytics,fulltime,graduate
156,5 , 10  ,2000000,3500000,Data Scientist,bangalore,2023-05-24,4.2,gr consultantshiring for client,data scientist,it,analytics,fulltime,be
157,5 , 10  ,2000000,2500000,Data Scientist,bangalore,2023-06-10,,agility bizcon solutions  consultants  ,data scientist,it,analytics,fulltime,be
158,2 , 7  ,1000000,2000000,Data Scientist,bangalore,2023-06-10,,leading us mnc into analytics,data scientist,it,analytics,fulltime,graduate
159,2 , 4  ,,,Data Scientist,bangalore,2023-06-09,2.4,dazn,data scientist,film,analytics,fulltime,be
160,3 , 8  ,,,Data Scientist,bangalore,2023-05-23,,abs connect,data scientist,it,analytics,fulltime,graduate
161,4 , 8  ,,,Data Scientist,noida,2023-05-23,3.5,agreeya solutions,data scientist,it,analytics,fulltime,graduate
162,7 , 12  ,,,Data Scientist,gurgoan,2023-05-23,4.2,orange business services,data scientist,it,analytics,fulltime,be
163,10 , 12  ,,,Data Scientist,remote,2023-06-10,4.0,confluent,data scientist,it,analytics,fulltime,graduate
164,3 , 5  ,,,Data Scientist,gurgoan,2023-05-23,4.5,united airlines,data scientist,aviation,analytics,fulltime,graduate
165,0 , 5  ,1000000,1600000,Data Scientist,bangalore,2023-05-30,5.0,snaphunt,data scientist,software,analytics,fulltime,graduate
166,4 , 9  ,1500000,2500000,Data Scientist,pune,2023-06-22,,claidroid technologies private limited ,data scientist,it,analytics,fulltime,graduate
167,3 , 8  ,,,Data Scientist,pune,2023-06-15,3.8,data axle solutions,data scientist,it,analytics,fulltime,be
168,3 , 5  ,,,Data Scientist,pune,2023-06-09,,redbixbite pvt ltd,data scientist,recruitment,analytics,fulltime,graduate
169,0 , 1  ,,,Data Scientist,pune,2023-05-30,4.0,algoanalytics private ltd,data scientist,it,analytics,fulltime,be
170,10 , 20  ,1500000,3000000,Data Scientist,bangalore,2023-06-13,,vishwakarma consultancy services  ,data scientist,software,analytics,fulltime,be
171,2 , 5  ,100000,350000,Data Scientist,bangalore,2023-06-08,,ib business services,data scientist,bpo,analytics,fulltime,graduate
172,3 , 6  ,,,Data Scientist,bangalore,2023-06-09,3.2,talent500 tech india private limited,data scientist,automobile,analytics,fulltime,graduate
173,5 , 8  ,1000000,2000000,Data Scientist,bangalore,2023-06-08,4.4,cardinal health international india private limite ,data scientist,pharmaceutical,analytics,fulltime,graduate
174,4 , 9  ,1000000,2000000,Data Scientist,bangalore,2023-06-03,3.9,convergence infotech ltd,data scientist,it,analytics,fulltime,be
175,2 , 4  ,,,Data Scientist,bangalore,2023-06-02,,synapsica healthcare private limited ,data scientist,medical,analytics,fulltime,graduate
176,3 , 6  ,,,Data Scientist,bangalore,2023-06-09,4.3,lowes services india private limited,data scientist,real,analytics,fulltime,graduate
177,4 , 9  ,,,Data Scientist,gurgoan,2023-06-22,4.0,moody's,data scientist,banking,analytics,fulltime,graduate
178,0 , 3  ,,,Data Scientist,hazira,2023-05-28,,bgps management solutions private limited,data scientist,it,analytics,fulltime,be
179,3 , 8  ,,,Data Scientist,bangalore,2023-06-21,,turingmindsai,data scientist,it,analytics,fulltime,be
180,3 , 8  ,,,Data Scientist,hydrabad,2023-06-21,4.3,carbynetech india,data scientist,accounting,analytics,fulltime,bca
181,3 , 7  ,,,Data Scientist,hydrabad,2023-06-17,4.3,microsoft,data scientist,software,analytics,fulltime,graduate
182,5 , 10  ,,,Data Scientist,hydrabad,2023-05-24,3.2,eli research,data scientist,miscellaneous,analytics,fulltime,postgraduate
183,6 , 11  ,,,Data Scientist,bangalore,2023-05-24,4.7,codersbrain,data scientist,analytics,analytics,fulltime,bca
184,6 , 11  ,,,Data Scientist,bangalore,2023-06-07,4.7,codersbrain,data scientist,it,analytics,fulltime,ba
185,8 , 13  ,,,Data Scientist,pune,2023-06-14,,placeminds consulting pvt ltd,data scientist,analytics,analytics,fulltime,graduate
186,3 , 5  ,,,Data Scientist,pune,2023-06-14,4.0,algoanalytics private ltd,data scientist,it,analytics,fulltime,bsc
187,3 , 6  ,,,Data Scientist,mumbai,2023-05-31,,talentco search pvt ltd,data scientist,accounting,analytics,fulltime,graduate
188,6 , 13  ,,,Data Scientist,bangalore,2023-05-31,3.7,ushur,data scientist,it,analytics,fulltime,graduate
189,3 , 7  ,,,Data Scientist,bangalore,2023-05-31,,lummo,data scientist,printing,analytics,fulltime,graduate
190,5 , 9  ,500000,700000,Data Scientist,bangalore,2023-05-23,,vola finance,data scientist,financial,analytics,fulltime,graduate
191,2 , 7  ,,,Data Scientist,bangalore,2023-05-23,4.1,tvs next,data scientist,it,analytics,fulltime,graduate
192,4 , 8  ,,,Data Scientist,bangalore,2023-05-23,,seven consultancy hr solution,data scientist,recruitment,analytics,fulltime,graduate
193,5 , 10  ,,,Data Scientist,bangalore,2023-05-23,4.2,successr hrtech pvt ltd,data scientist,it,analytics,fulltime,be
194,4 , 6  ,,,Data Scientist,bangalore,2023-05-23,,dev solutions,data scientist,it,analytics,fulltime,graduate
195,4 , 9  ,,,Data Scientist,bangalore,2023-05-27,,seven consultancy hr solution,data scientist,recruitment,analytics,fulltime,graduate
196,5 , 10  ,,,Data Scientist,bangalore,2023-05-27,4.3,shell,data scientist,petrochemical,analytics,fulltime,graduate
197,4 , 9  ,,,Data Scientist,bangalore,2023-05-27,4.3,shell,data scientist,petrochemical,analytics,fulltime,graduate
198,2 , 7  ,900000,1500000,Data Scientist,bangalore,2023-05-26,2.8,great lakes e-learning services private limited,data scientist,elearning,analytics,fulltime,be
199,1 , 5  ,,,Data Scientist,bangalore,2023-05-23,4.0,finnovation tech solutions private limited ,data scientist,fintech,analytics,fulltime,bca
200,3 , 5  ,,,Data Scientist,bangalore,2023-05-25,5.0,version 1,data scientist,bpo,analytics,fulltime,graduate
201,5 , 8  ,,,Data Scientist,bangalore,2023-05-23,,dell international services indiaprivate limited,data scientist,it,analytics,fulltime,graduate
202,2 , 7  ,,,Data Scientist,bangalore,2023-05-24,,truera,data scientist,it,analytics,fulltime,graduate
203,5 , 10  ,,,Data Scientist,bangalore,2023-05-24,4.3,shell,data scientist,petrochemical,analytics,fulltime,graduate
204,3 , 6  ,,,Data Scientist,bangalore,2023-05-24,4.3,shell,data scientist,petrochemical,analytics,fulltime,graduate
205,4 , 8  ,,,Data Scientist,bangalore,2023-05-24,4.3,shell,data scientist,petrochemical,analytics,fulltime,graduate
206,3 , 8  ,2500000,4000000,Data Scientist,bangalore,2023-05-23,3.6,sixt r&d pvt ltd,data scientist,internet,analytics,fulltime,be
207,12 , 15  ,,,Data Scientist,bangalore,2023-05-23,,dell international services indiaprivate limited,data scientist,it,analytics,fulltime,graduate
208,3 , 8  ,,,Data Scientist,bangalore,2023-05-23,4.1,tekion,data scientist,it,analytics,fulltime,graduate
209,3 , 8  ,,,Data Scientist,bangalore,2023-06-21,4.1,tekion,data scientist,it,analytics,fulltime,graduate
210,5 , 10  ,,,Data Scientist,delhi,2023-06-20,3.3,jindal intellicom limited,data scientist,it,analytics,fulltime,be
211,3 , 8  ,,,Data Scientist,chennai,2023-06-20,4.2,golden opportunities pvt ltd,data scientist,pharmaceutical,analytics,fulltime,graduate
212,3 , 5  ,,,Data Scientist,lucknow,2023-06-20,4.4,virtue analytics,data scientist,analytics,analytics,fulltime,graduate
213,4 , 8  ,,,Data Scientist,gurgoan,2023-06-20,4.0,redian software pvt ltd,data scientist,it,analytics,fulltime,bca
214,4 , 7  ,1400000,2000000,Data Scientist,gurgoan,2023-06-18,3.7,digilytics,data scientist,financial,analytics,fulltime,bsc
215,2 , 7  ,350000,800000,Data Scientist,chennai,2023-05-23,,beeja academy satvat group of companies,data scientist,education,analytics,fulltime,be
216,2 , 7  ,,,Data Scientist,bangalore,2023-06-17,3.7,tredence analytics solutions private limited,data scientist,it,analytics,fulltime,graduate
217,2 , 5  ,,,Data Scientist,remote,2023-06-17,5.0,boomi,data scientist,it,analytics,fulltime,graduate
218,3 , 8  ,2000000,3500000,Data Scientist,gurgoan,2023-05-23,4.7,onebanc technologies pvt ltd ,data scientist,fintech,analytics,fulltime,be
219,2 , 4  ,,,Data Scientist,bangalore,2023-05-23,,referral,data scientist,management,analytics,fulltime,graduate
220,2 , 4  ,,,Data Scientist,bangalore,2023-05-23,3.4,diabsolut inc,data scientist,bpo,analytics,fulltime,graduate
221,2 , 5  ,,,Data Scientist,bangalore,2023-05-23,,bcd meetings & events,data scientist,advertising,analytics,fulltime,graduate
222,5 , 10  ,,,Data Scientist,bangalore,2023-06-16,4.3,eli lilly and company,data scientist,pharmaceutical,analytics,fulltime,be
223,5 , 10  ,,,Data Scientist,noida,2023-06-16,,hashicorp,data scientist,it,analytics,fulltime,graduate
224,5 , 10  ,,,Data Scientist,noida,2023-06-16,,hashicorp,data scientist,it,analytics,fulltime,graduate
225,4 , 9  ,1200000,2000000,Data Scientist,gurgoan,2023-05-23,4.0,tresor systems private limited ,data scientist,retail,analytics,fulltime,bca
226,2 , 7  ,,,Data Scientist,bangalore,2023-05-23,4.8,string bio,data scientist,petrochemical,analytics,fulltime,graduate
227,4 , 7  ,,,Data Scientist,bangalore,2023-05-23,5.0,team4progress,data scientist,recruitment,analytics,fulltime,graduate
228,2 , 5  ,,,Data Scientist,bangalore,2023-05-26,,kk consulting services,data scientist,recruitment,analytics,fulltime,graduate
229,4 , 9  ,,,Data Scientist,bangalore,2023-05-23,4.7,thoucentric technology pvt ltd,data scientist,it,analytics,fulltime,be
230,3 , 7  ,,,Data Scientist,bangalore,2023-05-23,,advito,data scientist,aviation,analytics,fulltime,graduate
231,3 , 5  ,,,Data Scientist,bangalore,2023-05-23,4.3,eli lilly and company,data scientist,pharmaceutical,analytics,fulltime,ba
232,15 , 18  ,,,Data Scientist,bangalore,2023-05-23,,referral,data scientist,management,analytics,fulltime,graduate
233,3 , 7  ,,,Data Scientist,bangalore,2023-05-23,3.4,dealsharein,data scientist,internet,analytics,fulltime,graduate
234,2 , 3  ,,,Data Scientist,bangalore,2023-05-23,,tookitaki holding pte ltd,data scientist,it,analytics,fulltime,graduate
235,3 , 7  ,,,Data Scientist,bangalore,2023-05-23,5.0,teamplus staffing solution pvt ltd,data scientist,recruitment,analytics,fulltime,graduate
236,1 , 3  ,,,Data Scientist,bangalore,2023-05-23,2.4,dazn,data scientist,banking,analytics,fulltime,be
237,1 , 3  ,,,Data Scientist,bangalore,2023-05-23,4.5,whatfix,data scientist,it,analytics,fulltime,graduate
238,2 , 5  ,,,Data Scientist,bangalore,2023-06-06,,klub,data scientist,financial,analytics,fulltime,bsc
239,5 , 10  ,800000,1200000,Data Scientist,bangalore,2023-05-23,,ledx legal learning edutech private limited ,data scientist,elearning,analytics,fulltime,be
240,1 , 5  ,,,Data Scientist,bangalore,2023-05-23,3.9,teoco software,data scientist,telecom,analytics,fulltime,graduate
241,5 , 8  ,,,Data Scientist,bangalore,2023-05-23,,n tech it solutions pvt ltd,data scientist,software,analytics,fulltime,be
242,5 , 7  ,,,Data Scientist,bangalore,2023-05-23,,knowledge foundry business solutions pvt ltd,data scientist,analytics,analytics,fulltime,be
243,2 , 4  ,,,Data Scientist,bangalore,2023-05-23,4.0,betterplace,data scientist,it,analytics,fulltime,graduate
244,1 , 2  ,,,Data Scientist,bangalore,2023-05-23,3.3,greenizon agritech consultancy,data scientist,banking,analytics,fulltime,graduate
245,5 , 10  ,,,Data Scientist,bangalore,2023-05-23,4.2,travel centric technology,data scientist,it,analytics,fulltime,graduate
246,5 , 10  ,,,Data Scientist,bangalore,2023-05-23,,awake security,data scientist,it,analytics,fulltime,be
247,4 , 6  ,,,Data Scientist,bangalore,2023-05-23,,awake security,data scientist,it,analytics,fulltime,graduate
248,2 , 8  ,,,Data Scientist,bangalore,2023-05-23,4.1,envestnet,data scientist,banking,analytics,fulltime,graduate
249,2 , 4  ,,,Data Scientist,bangalore,2023-06-01,2.4,dazn,data scientist,film,analytics,fulltime,be
250,4 , 8  ,,,Data Scientist,bangalore,2023-06-01,,portcast,data scientist,courier,analytics,fulltime,graduate
251,4 , 5  ,,,Data Scientist,bangalore,2023-05-23,,decision foundry,data scientist,software,analytics,fulltime,bca
252,3 , 10  ,,,Data Scientist,bangalore,2023-05-25,4.5,multi recruit,data scientist,recruitment,analytics,fulltime,be
253,7 , 11  ,,,Data Scientist,chennai,2023-06-09,4.1,renault nissan automotive,data scientist,it,analytics,fulltime,be
254,5 , 10  ,1000000,1700000,Data Scientist,noida,2023-06-20,,team plus staffing solution pvt ltd  ,data scientist,it,analytics,fulltime,graduate
255,0 , 1  ,,,Data Scientist,bangalore,2023-06-03,,jobjunctioninfo pvt ltd  ,data scientist,agriculture,analytics,fulltime,other
256,0  ,,,,Data Scientist,wfh,2023-06-14,3.6,advantmed,data scientist,bpo,analytics,fulltime,be
257,5 , 8  ,,,Data Scientist,hydrabad,2023-05-31,4.4,metlife,data scientist,insurance,analytics,fulltime,graduate
258,1 , 5  ,,,Data Scientist,pune,2023-06-06,,hyringninja,data scientist,it,analytics,fulltime,be
259,3 , 8  ,650000,1400000,Data Scientist,pune,2023-05-23,,changeleaders consulting private limited,data scientist,it,analytics,fulltime,graduate
260,1 , 6  ,,,Data Scientist,pune,2023-05-23,,orcapod consulting services private limited   ,data scientist,it,analytics,fulltime,graduate
261,5 , 10  ,1000000,2000000,Data Scientist,pune,2023-06-13,,upman placements pvt ltd      ,data scientist,analytics,analytics,fulltime,postgraduate
262,5 , 10  ,,,Data Scientist,pune,2023-06-03,,nixsol india private limited  ,data scientist,it,analytics,fulltime,graduate
263,3 , 8  ,1000000,1700000,Data Scientist,pune,2023-06-03,4.4,abzooba india infotech private limited,data scientist,it,analytics,fulltime,be
264,5 , 10  ,2000000,2750000,Data Scientist,pune,2023-06-02,4.7,think bridge software pvt ltd,data scientist,it,analytics,fulltime,graduate
265,10 , 15  ,,,Data Scientist,pune,2023-06-02,4.5,vanderlande industries private limited,data scientist,industrial,analytics,fulltime,graduate
266,4 , 7  ,,,Data Scientist,pune,2023-05-26,4.3,frontdoor,data scientist,fmcg,analytics,fulltime,graduation
267,0 , 1  ,,,Data Scientist,pune,2023-06-07,,tradexa technologies private limited,data scientist,software,analytics,fulltime,graduate
268,6 , 11  ,1500000,2500000,Data Scientist,mumbai,2023-06-02,,buzzworks business services pvt ltd       ,data scientist,medical,analytics,fulltime,graduate
269,2 , 5  ,1000000,1600000,Data Scientist,mumbai,2023-06-21,,gist management solutions private limited  ,data scientist,it,analytics,fulltime,bca
270,6 , 10  ,,,Data Scientist,bangalore,2023-06-22,,axcess consultancy services,data scientist,it,analytics,fulltime,graduate
271,5 , 10  ,,,Data Scientist,bangalore,2023-06-22,,i square soft    ,data scientist,travel,analytics,fulltime,graduate
272,5 , 6  ,1500000,2500000,Data Scientist,bangalore,2023-06-21,,i square soft    ,data scientist,travel,analytics,fulltime,bsc
273,3 , 8  ,2000000,3500000,Data Scientist,bangalore,2023-06-21,,talent toppers ,data scientist,management,analytics,fulltime,be
274,3 , 8  ,,,Data Scientist,bangalore,2023-06-20,,career infosystem,data scientist,it,analytics,fulltime,bca
275,4 , 8  ,,,Data Scientist,bangalore,2023-06-20,,successr hr tech pvt ltd,data scientist,it,analytics,fulltime,be
276,2 , 7  ,,,Data Scientist,bangalore,2023-06-20,,huquo consulting pvt ltd,data scientist,it,analytics,fulltime,graduate
277,2 , 6  ,,,Data Scientist,bangalore,2023-06-20,,nusigma global consulting pvt ltd,data scientist,analytics,analytics,fulltime,mtech
278,6 , 11  ,1500000,2500000,Data Scientist,bangalore,2023-06-15,,applycup hiring solutions llp  ,data scientist,software,analytics,fulltime,ms
279,4 , 9  ,,,Data Scientist,bangalore,2023-06-22,,futures and careers,data scientist,it,analytics,fulltime,graduate
280,2 , 4  ,600000,1100000,Data Scientist,gurgaon,2023-06-18,4.1,paxcom india pvt ltd,data scientist,it,analytics,fulltime,bca
281,2 , 7  ,350000,800000,Data Scientist,chennai,2023-06-15,,beeja academy satvat group of companies,data scientist,education,analytics,fulltime,be
282,3 , 8  ,350000,700000,Data Scientist,ahmedabad,2023-06-14,,d m net technologies,data scientist,education,analytics,fulltime,graduate
283,3 , 9  ,,,Data Scientist,gurgoan,2023-06-14,,prime search,data scientist,recruitment,analytics,fulltime,graduate
284,5 , 10  ,1800000,2000000,Data Scientist,gurgoan,2023-06-13,3.9,dlight energy pvt ltd ,data scientist,consumer,analytics,fulltime,bca
285,2 , 7  ,,,Data Scientist,bangalore,2023-06-13,,elixir web solutions,data scientist,it,analytics,fulltime,graduate
286,3 , 5  ,,,Data Scientist,remote,2023-06-13,3.8,ibs software services,data scientist,it,analytics,fulltime,bsc
287,2 , 3  ,300000,500000,Data Scientist,chennai,2023-06-10,3.8,brandidea consultancy pvt ltd,data scientist,it,analytics,fulltime,graduate
288,5 , 10  ,1800000,2500000,Data Scientist,delhi,2023-06-10,4.8,geninvo,data scientist,software,analytics,fulltime,graduate
289,3 , 5  ,,,Data Scientist,lucknow,2023-05-30,4.4,virtue analytics,data scientist,analytics,analytics,fulltime,graduate
290,0 , 5  ,600000,950000,Data Scientist,noida,2023-05-24,5.0,snaphunt,data scientist,it,analytics,fulltime,graduate
291,0 , 1  ,,,Data Scientist,noida,2023-05-23,4.7,tidyquant opc private limited,data scientist,it,analytics,fulltime,graduate
292,0 , 3  ,,,Data Scientist,remote,2023-06-21,1.4,iqm corporation,data scientist,it,analytics,fulltime,be
293,7 , 10  ,2250000,3250000,Data Scientist,bangalore,2023-06-09,,changeleaders consulting private limited,data scientist,it,analytics,fulltime,bsc
294,4 , 8  ,,,Data Scientist,hydrabad,2023-06-09,4.4,enfluence it services pvt ltd,data scientist,it,analytics,fulltime,graduate
295,8 , 13  ,,,Data Scientist,hydrabad,2023-06-09,3.8,gathi analytics,data scientist,it,analytics,fulltime,graduate
296,3 , 7  ,,,Data Scientist,hydrabad,2023-06-08,,touchnote,data scientist,internet,analytics,fulltime,graduate
297,4 , 8  ,,,Data Scientist,hydrabad,2023-06-07,4.3,advance auto parts,data scientist,internet,analytics,fulltime,be
298,5 , 8  ,,,Data Scientist,hydrabad,2023-06-07,4.5,sanofi,data scientist,pharmaceutical,analytics,fulltime,graduate
299,1 , 4  ,,,Data Scientist,pune,2023-05-23,,pylon management consulting pvt ltd ,data scientist,analytics,analytics,fulltime,be
300,5 , 9  ,,,Data Scientist,pune,2023-05-23,3.8,data axle,data scientist,it,analytics,fulltime,graduate
301,4 , 8  ,,,Data Scientist,pune,2023-05-26,3.8,data axle,data scientist,it,analytics,fulltime,graduate
302,2 , 6  ,,,Data Scientist,pune,2023-05-23,,principal global investors,data scientist,fintech,analytics,fulltime,graduate
303,5 , 10  ,,,Data Scientist,pune,2023-05-23,4.0,energy exemplar india private limited,data scientist,it,analytics,fulltime,be
304,4 , 8  ,,,Data Scientist,pune,2023-05-23,3.7,automationedge,data scientist,film,analytics,fulltime,graduate
305,6 , 10  ,,,Data Scientist,pune,2023-06-01,3.9,wolters kluwer,data scientist,financial,analytics,fulltime,be
306,1 , 4  ,500000,1100000,Data Scientist,pune,2023-05-24,,dsmatics technology solutions,data scientist,it,analytics,fulltime,graduate
307,5 , 10  ,,,Data Scientist,pune,2023-06-01,,huquo consulting pvt ltd,data scientist,analytics,analytics,fulltime,be
308,8 , 13  ,1500000,3000000,Data Scientist,pune,2023-06-01,,signity corporate solutions private limited ,data scientist,it,analytics,fulltime,bsc
309,5 , 10  ,2500000,3500000,Data Scientist,pune,2023-05-31,,consys consultancy services ,data scientist,it,analytics,fulltime,be
310,4 , 7  ,,,Data Scientist,mumbai,2023-05-31,,jobs accuracy,data scientist,it,analytics,fulltime,bsc
311,1 , 4  ,,,Data Scientist,mumbai,2023-06-01,,talentstack,data scientist,it,analytics,fulltime,bca
312,1 , 4  ,,,Data Scientist,mumbai,2023-06-01,,talentstack,data scientist,it,analytics,fulltime,bsc
313,1 , 4  ,,,Data Scientist,mumbai,2023-05-31,,talentstack,data scientist,it,analytics,fulltime,bsc
314,2 , 6  ,,,Data Scientist,mumbai,2023-05-24,,huquo consulting pvt ltd,data scientist,it,analytics,fulltime,graduate
315,4 , 8  ,,,Data Scientist,mumbai,2023-05-23,,info corporate service,data scientist,it,analytics,fulltime,be
316,5 , 10  ,1000000,2000000,Data Scientist,mumbai,2023-05-23,,riverforest connections private limited ,data scientist,banking,analytics,fulltime,be
317,8 , 12  ,,,Data Scientist,airoli-mumbai,2023-05-23,,cliqhrcom,data scientist,it,analytics,fulltime,be
318,2 , 6  ,,,Data Scientist,mumbai,2023-05-26,,riverforest connections private limited,data scientist,banking,analytics,fulltime,graduate
319,3 , 8  ,800000,1800000,Data Scientist,mumbai,2023-06-21,,maestro headhunters llp,data scientist,analytics,analytics,fulltime,graduate
320,1 , 6  ,,,Data Scientist,bangalore,2023-06-21,,pes hr services a div of amal infosystems pvt ltd ,data scientist,bpo,analytics,fulltime,graduate
321,1 , 3  ,,,Data Scientist,bangalore,2023-06-20,,exponent consulting private limited,data scientist,agriculture,analytics,fulltime,be
322,4 , 9  ,700000,1500000,Data Scientist,bangalore,2023-06-20,,wize careers consultants ,data scientist,it,analytics,fulltime,be
323,5 , 10  ,1500000,2500000,Data Scientist,bangalore,2023-06-20,,acme services private limited ,data scientist,it,analytics,fulltime,be
324,4 , 9  ,,,Data Scientist,bangalore,2023-06-13,,meritfox india  ,data scientist,financial,analytics,fulltime,graduate
325,8 , 12  ,1500000,2500000,Data Scientist,bangalore,2023-06-10,,futures and careers,data scientist,it,analytics,fulltime,graduate
326,7 , 12  ,,,Data Scientist,bangalore,2023-06-10,,huquo consulting pvt ltd,data scientist,analytics,analytics,fulltime,graduate
327,1 , 5  ,,,Data Scientist,bangalore,2023-06-14,,squareroot consulting pvt ltd,data scientist,it,analytics,fulltime,graduate
328,3 , 8  ,,,Data Scientist,gurgoan,2023-06-08,,nibha infotech private limited ,data scientist,it,analytics,fulltime,other
329,2 , 5  ,,,Data Scientist,gurgoan,2023-06-09,5.0,snaphunt,data scientist,miscellaneous,analytics,fulltime,graduate
330,4 , 7  ,,,Data Scientist,wfh,2023-06-06,4.4,totalai systems india llp,data scientist,it,analytics,fulltime,graduate
331,3 , 6  ,,,Data Scientist,gurgoan,2023-06-02,3.2,neoris consulting services india pvt ltd,data scientist,it,analytics,fulltime,graduate
332,4 , 7  ,,,Data Scientist,ahmedabad,2023-06-09,4.8,rapidops,data scientist,it,analytics,fulltime,be
333,3 , 6  ,,,Data Scientist,bangalore,2023-06-01,,changeleaders consulting private limited,data scientist,it,analytics,fulltime,
334,3 , 5  ,800000,1800000,Data Scientist,bangalore,2023-05-31,,change leaders consulting,data scientist,analytics,analytics,fulltime,graduate
335,3 , 8  ,,,Data Scientist,hydrabad,2023-05-31,4.3,carbynetech india,data scientist,accounting,analytics,fulltime,bca
336,3 , 8  ,,,Data Scientist,hydrabad,2023-05-30,4.3,carbynetech india,data scientist,accounting,analytics,fulltime,ba
337,3 , 7  ,,,Data Scientist,hydrabad,2023-05-23,,fisker inc,data scientist,automobile,analytics,fulltime,graduate
338,5 , 10  ,,,Data Scientist,hydrabad,2023-05-23,,seven consultancy hr solution,data scientist,recruitment,analytics,fulltime,graduate
339,2 , 4  ,,,Data Scientist,hydrabad,2023-05-23,,seven consultancy hr solution,data scientist,recruitment,analytics,fulltime,graduate
340,8 , 13  ,,,Data Scientist,hydrabad,2023-05-23,,seven consultancy hr solution,data scientist,recruitment,analytics,fulltime,graduate
341,8 , 13  ,,,Data Scientist,hydrabad,2023-05-26,,seven consultancy hr solution,data scientist,recruitment,analytics,fulltime,
342,4 , 8  ,,,Data Scientist,hydrabad,2023-05-23,,fisker inc,data scientist,automobile,analytics,fulltime,graduate
343,5 , 10  ,,,Data Scientist,hydrabad,2023-05-23,4.3,carbynetech india,data scientist,it,analytics,fulltime,be
344,7 , 12  ,,,Data Scientist,hydrabad,2023-05-23,3.8,infostretch solutions pvt ltd,data scientist,it,analytics,fulltime,graduate
345,3 , 8  ,,,Data Scientist,hydrabad,2023-05-23,4.3,carbynetech india,data scientist,accounting,analytics,fulltime,graduate
346,3 , 8  ,,,Data Scientist,hydrabad,2023-05-24,4.3,carbynetech india,data scientist,accounting,analytics,fulltime,graduate
347,3 , 8  ,,,Data Scientist,hydrabad,2023-05-23,4.3,carbynetech india,data scientist,accounting,analytics,fulltime,bsc
348,2 , 5  ,,,Data Scientist,hydrabad,2023-05-23,3.6,walking tree consultancy services pvt ltd,data scientist,software,analytics,fulltime,graduate
349,5 , 7  ,,,Data Scientist,hydrabad,2023-05-23,5.0,wavelabs,data scientist,it,analytics,fulltime,graduate
350,5 , 6  ,,,Data Scientist,hydrabad,2023-05-23,4.3,microsoft,data scientist,software,analytics,fulltime,be
351,4 , 6  ,1000000,2000000,Data Scientist,hydrabad,2023-05-23,4.0,darshan soft-tech pvt ltd,data scientist,it,analytics,fulltime,graduate
352,5 , 10  ,,,Data Scientist,hydrabad,2023-05-31,4.4,proclink consulting services llp,data scientist,oil,analytics,fulltime,be
353,4 , 9  ,,,Data Scientist,pune,2023-05-30,,mnr solutions private limited,data scientist,it,analytics,fulltime,be
354,3 , 7  ,,,Data Scientist,pune,2023-05-27,,l a consultancy,data scientist,it,analytics,fulltime,be
355,4 , 6  ,,,Data Scientist,pune,2023-05-23,,mnr solutions private limited,data scientist,analytics,analytics,fulltime,graduate
356,1 , 6  ,,,Data Scientist,pune,2023-05-25,,karyarth consultancy,data scientist,it,analytics,fulltime,be
357,4 , 9  ,,,Data Scientist,pune,2023-05-26,,mnr solutions private limited,data scientist,it,analytics,fulltime,graduate
358,5 , 8  ,3000000,3500000,Data Scientist,pune,2023-06-07,,kelly outsourcing and consulting group india  priv  ate limited,data scientist,banking,analytics,fulltime,graduate
359,4 , 9  ,,,Data Scientist,,2023-05-31,,hucon solutions,,,,,
360,5 , 10  ,,,Data Scientist,bangalore,2023-05-31,,connexions,data scientist,it,analytics,fulltime,graduate
361,4 , 8  ,,,Data Scientist,trivandrumthiruvananthapuram,2023-05-31,4.1,accubits technologies,data scientist,it,analytics,fulltime,graduate
362,1 , 3  ,,,Data Scientist,chandigarh,2023-05-31,4.7,harmony data integration technologies,data scientist,it,analytics,fulltime,graduate
363,3 , 5  ,,,Data Scientist,remote,2023-05-23,4.8,editorialist yx,data scientist,gems,analytics,fulltime,graduate
364,6 , 11  ,,,Data Scientist,remote,2023-05-23,5.0,snaphunt,data scientist,software,analytics,fulltime,graduate
365,2 , 6  ,,,Data Scientist,panchkula,2023-05-23,,t & a solutions,data scientist,recruitment,analytics,fulltime,graduate
366,4 , 6  ,,,Data Scientist,noida,2023-05-23,,rcpc,data scientist,it,analytics,fulltime,graduate
367,3 , 4  ,,,Data Scientist,chennai,2023-05-23,,seven consultancy hr solution,data scientist,recruitment,analytics,fulltime,graduate
368,5 , 10  ,,,Data Scientist,delhi,2023-05-23,,seven consultancy hr solution,data scientist,recruitment,analytics,fulltime,graduate
369,3 , 8  ,,,Data Scientist,chennai,2023-05-23,,seven consultancy hr solution,data scientist,recruitment,analytics,fulltime,graduate
370,3 , 8  ,,,Data Scientist,delhi,2023-05-27,,seven consultancy hr solution,data scientist,recruitment,analytics,fulltime,graduate
371,3 , 8  ,,,Data Scientist,chennai,2023-05-23,,seven consultancy hr solution,data scientist,recruitment,analytics,fulltime,graduate
372,4 , 7  ,,,Data Scientist,remote,2023-05-23,,motive,data scientist,advertising,analytics,fulltime,graduate
373,3 , 7  ,2500000,3500000,Data Scientist,remote,2023-05-23,5.0,snaphunt,data scientist,software,analytics,fulltime,graduate
374,3 , 8  ,,,Data Scientist,remote,2023-05-23,,intuitivecloud,data scientist,it,analytics,fulltime,graduate
375,3 , 5  ,,,Data Scientist,remote,2023-05-25,,intuitivecloud,data scientist,it,analytics,fulltime,graduate
376,3 , 9  ,,,Data Scientist,guwahati,2023-05-23,,lakshmi north east solutions,data scientist,recruitment,analytics,fulltime,be
377,3 , 7  ,,,Data Scientist,remote,2023-05-24,3.7,upman placements pvt ltd,data scientist,recruitment,analytics,fulltime,graduate
378,5 , 10  ,,,Data Scientist,noida,2023-05-23,4.7,anicalls,data scientist,it,analytics,fulltime,graduate
379,3 , 8  ,,,Data Scientist,chennai,2023-05-23,4.3,shell,data scientist,petrochemical,analytics,fulltime,graduate
380,5 , 7  ,,,Data Scientist,gurgoan,2023-05-24,4.2,vdoit technologies pvt ltd,data scientist,it,analytics,fulltime,graduate
381,3 , 5  ,,,Data Scientist,lucknow,2023-05-23,4.4,virtue analytics,data scientist,analytics,analytics,fulltime,graduate
382,3 , 8  ,,,Data Scientist,noida,2023-05-23,2.7,aviation indeed,data scientist,recruitment,analytics,fulltime,ba
383,3 , 5  ,,,Data Scientist,kochicochin,2023-05-23,,viaprom analytics,data scientist,banking,analytics,fulltime,ba
384,2 , 3  ,250000,375000,Data Scientist,chennai,2023-06-07,,beeja academy satvat group of companies,data scientist,education,analytics,fulltime,bsc
385,3 , 8  ,,,Data Scientist,indore,2023-05-23,4.1,ignatiuz software pvt ltd,data scientist,it,analytics,fulltime,graduate
386,,,,,Data Scientist,,2023-05-23,,,,,,,
387,4 , 8  ,550000,1400000,Data Scientist,gurgoan,2023-05-23,4.0,redian software private limited,data scientist,it,analytics,fulltime,graduate
388,3 , 7  ,,,Data Scientist,remote,2023-05-23,,protocol labs,data scientist,advertising,analytics,fulltime,graduate
389,4 , 6  ,,,Data Scientist,gurgoan,2023-06-21,3.8,netomi,data scientist,internet,analytics,fulltime,graduate
390,1 , 3  ,,,Data Scientist,vadodara,2023-05-23,,infobizzs services,data scientist,it,analytics,fulltime,graduate
391,4 , 6  ,1200000,1300000,Data Scientist,dehradun,2023-05-23,5.0,incubit global business services pvt ltd ,data scientist,it,analytics,fulltime,be
392,5 , 10  ,,,Data Scientist,hydrabad,2023-06-02,,axcess consultancy services,data scientist,analytics,analytics,fulltime,bsc
393,2 , 4  ,1000000,1700000,Data Scientist,bangalore,2023-06-21,,change leaders consulting,data scientist,it,analytics,fulltime,be
394,2 , 4  ,1000000,1700000,Data Scientist,bangalore,2023-05-31,,change leaders consulting,data scientist,it,analytics,fulltime,be
395,3 , 8  ,1500000,2000000,Data Scientist,bangalore,2023-05-23,,thompsons hr consulting llp  ,data scientist,it,analytics,fulltime,graduate
396,7 , 10  ,950000,1950000,Data Scientist,pune,2023-05-23,,turning point hr global consultants  ,data scientist,it,analytics,fulltime,be
397,3 , 8  ,,,Data Scientist,,2023-05-31,,successr hr tech pvt ltd,,,,,
398,4 , 9  ,,,Data Scientist,bangalore,2023-06-06,,huquo consulting pvt ltd,data scientist,it,analytics,fulltime,graduate
399,8 , 13  ,,,Data Scientist,bangalore,2023-05-31,,talentstack,data scientist,it,analytics,fulltime,graduate
400,10 , 15  ,3000000,4000000,Data Scientist,bangalore,2023-05-31,,ciel hr services pvt ltd ,data scientist,it,analytics,fulltime,postgraduate
401,4 , 8  ,1800000,2000000,Data Scientist,pune,2023-05-31,,rs consultants,data scientist,it,analytics,fulltime,graduate
402,7 , 10  ,,,Data Scientist,gurgoan,2023-05-31,,connexions,data scientist,it,analytics,fulltime,be
403,2 , 5  ,,,Data Scientist,delhi,2023-06-01,,huquo consulting pvt ltd,data scientist,it,analytics,fulltime,be
404,1 , 5  ,,,Data Scientist,noida,2023-06-01,,career infosystem,data scientist,it,analytics,fulltime,be
405,2 , 4  ,,,Data Scientist,noida,2023-05-31,,huquo consulting pvt ltd,data scientist,analytics,analytics,fulltime,graduate
406,1 , 3  ,,,Data Scientist,gurgoan,2023-06-01,,huquo consulting pvt ltd,data scientist,analytics,analytics,fulltime,be
407,3 , 8  ,,,Data Scientist,gurgoan,2023-06-01,,huquo consulting pvt ltd,data scientist,banking,analytics,fulltime,be
408,1 , 4  ,,,Data Scientist,delhi,2023-05-30,,huquo consulting pvt ltd,data scientist,it,analytics,fulltime,bca
409,4 , 8  ,,,Data Scientist,gurgoan,2023-05-23,,huquo consulting pvt ltd,data scientist,banking,analytics,fulltime,be
410,3 , 5  ,,,Data Scientist,gurgoan,2023-05-24,,huquo consulting pvt ltd,data scientist,it,analytics,fulltime,be
411,4 , 7  ,,,Data Scientist,gurgoan,2023-05-24,,huquo consulting pvt ltd,data scientist,analytics,analytics,fulltime,graduate
412,4 , 9  ,,,Data Scientist,gurgoan,2023-05-26,,huquo consulting pvt ltd,data scientist,analytics,analytics,fulltime,graduate
413,2 , 6  ,,,Data Scientist,gurgoan,2023-05-25,,connexions,data scientist,fintech,analytics,fulltime,be
414,1 , 4  ,,,Data Scientist,noida,2023-05-24,,smart work consultants,data scientist,accounting,analytics,fulltime,be
415,1 , 5  ,,,Data Scientist,noida,2023-05-24,,career infosystem,data scientist,it,analytics,fulltime,be
416,4 , 7  ,,,Data Scientist,kolkata,2023-05-23,,multi recruit   ,data scientist,it,analytics,fulltime,be
417,8 , 13  ,,,Data Scientist,gurgoan,2023-05-24,,bean hr consulting ,data scientist,analytics,analytics,fulltime,graduate
418,3 , 8  ,,,Data Scientist,gurgoan,2023-05-24,,huquo consulting pvt ltd,data scientist,banking,analytics,fulltime,be
419,2 , 4  ,,,Data Scientist,gurgoan,2023-05-23,,huquo consulting pvt ltd,data scientist,analytics,analytics,fulltime,graduate
420,10 , 15  ,,,Data Scientist,gurgoan,2023-05-24,,elixir web solutions,data scientist,analytics,analytics,fulltime,graduate
421,6 , 10  ,,,Data Scientist,gurgoan,2023-05-23,,huquo consulting pvt ltd,data scientist,it,analytics,fulltime,bsc
422,7 , 11  ,,,Data Scientist,gurgoan,2023-06-09,,huquo consulting pvt ltd,data scientist,it,analytics,fulltime,be
423,2 , 6  ,,,Data Scientist,gurgoan,2023-05-24,,connexions,data scientist,fintech,analytics,fulltime,be
424,1 , 4  ,,,Data Scientist,delhi,2023-05-24,,huquo consulting pvt ltd,data scientist,banking,analytics,fulltime,bca
425,5 , 10  ,,,Data Scientist,delhi,2023-05-24,,change leaders consulting,data scientist,it,analytics,fulltime,graduate
426,4 , 7  ,500000,1500000,Data Scientist,noida,2023-05-24,,shadow placements  ,data scientist,analytics,analytics,fulltime,mba
427,1 , 6  ,,,Data Scientist,noida,2023-05-24,,huquo consulting pvt ltd,data scientist,insurance,analytics,fulltime,ba
428,1 , 5  ,,,Data Scientist,noida,2023-06-01,,career infosystem,data scientist,it,analytics,fulltime,be
429,1 , 5  ,,,Data Scientist,delhi,2023-05-23,,huquo consulting pvt ltd,data scientist,banking,analytics,fulltime,be
430,2 , 7  ,,,Data Scientist,gurgoan,2023-05-27,,huquo consulting pvt ltd,data scientist,it,analytics,fulltime,bsc
431,7 , 12  ,,,Data Scientist,chennai,2023-05-23,,intelizest consulting,data scientist,it,analytics,fulltime,graduate
432,3 , 8  ,500000,800000,Data Scientist,gurgoan,2023-05-23,,the search house a div of jsd search house pvt l td,data scientist,it,analytics,fulltime,be
433,2 , 6  ,1000000,1600000,Data Scientist,chennai,2023-05-24,,inncon  ,data scientist,it,analytics,fulltime,graduate
434,2 , 7  ,,,Data Scientist,gurgoan,2023-05-24,,techum international private limited ,data scientist,it,analytics,fulltime,graduate
435,3 , 7  ,1800000,2000000,Data Scientist,gurgoan,2023-05-24,,zion hr services ,data scientist,it,analytics,fulltime,bca
436,2 , 6  ,,,Data Scientist,gurgoan,2023-05-23,,connexions,data scientist,it,analytics,fulltime,graduate
437,5 , 9  ,,,Data Scientist,gurgoan,2023-05-24,,huquo consulting pvt ltd,data scientist,insurance,analytics,fulltime,be
438,5 , 10  ,,,Data Scientist,gurgoan,2023-05-23,,huquo consulting pvt ltd,data scientist,analytics,analytics,fulltime,be
439,1 , 5  ,,,Data Scientist,noida,2023-05-24,,career infosystem,,,,,
440,8 , 11  ,,,Data Scientist,kolkata,2023-05-24,,hucon solutions,data scientist,it,analytics,fulltime,be
441,5 , 9  ,,,Data Scientist,gurgoan,2023-05-24,,huquo consulting pvt ltd,data scientist,insurance,analytics,fulltime,be
442,2 , 6  ,,,Data Scientist,gurgoan,2023-05-24,,connexions,,,,,
443,,,,,Data Scientist,,2023-05-24,,,,it,analytics,fulltime,bsc
444,6 , 10  ,,,Data Scientist,gurgoan,2023-05-23,,huquo consulting pvt ltd,data scientist,it,analytics,fulltime,bca
445,5 , 10  ,,,Data Scientist,gurgoan,2023-06-09,,huquo consulting pvt ltd,data scientist,analytics,analytics,fulltime,be
446,7 , 11  ,,,Data Scientist,gurgoan,2023-05-24,,huquo consulting pvt ltd,data scientist,it,analytics,fulltime,be
447,1 , 4  ,,,Data Scientist,delhi,2023-05-24,,huquo consulting pvt ltd,data scientist,banking,analytics,fulltime,be
448,5 , 9  ,,,Data Scientist,gurgoan,2023-05-24,,huquo consulting pvt ltd,data scientist,insurance,analytics,fulltime,
449,2 , 6  ,,,Data Scientist,gurgoan,2023-05-24,,connexions,data scientist,fintech,analytics,fulltime,be
450,4 , 7  ,500000,1500000,Data Scientist,noida,2023-05-24,,shadow placements  ,data scientist,analytics,analytics,fulltime,mca
451,7 , 12  ,,,Data Scientist,chennai,2023-05-24,,intelizest consulting,data scientist,it,analytics,fulltime,graduate
452,,,,,Data Scientist,,2023-05-23,,,data scientist,it,analytics,fulltime,be
453,1 , 4  ,,,Data Scientist,delhi,2023-05-23,,huquo consulting pvt ltd,data scientist,banking,,,
454,1 , 6  ,,,Data Scientist,noida,2023-05-23,,huquo consulting pvt ltd,data scientist,insurance,analytics,fulltime,be
455,1 , 5  ,,,Data Scientist,noida,2023-05-24,,career infosystem,data scientist,it,analytics,fulltime,be
456,2 , 7  ,,,Data Scientist,gurgoan,2023-05-24,,huquo consulting pvt ltd,data scientist,it,analytics,fulltime,be
457,5 , 9  ,,,Data Scientist,gurgoan,2023-05-24,,huquo consulting pvt ltd,data scientist,insurance,analytics,fulltime,bsc
458,,,,,Data Scientist,,2023-05-23,,,,,,,
459,3 , 7  ,1800000,2000000,Data Scientist,gurgoan,2023-05-27,,zion hr services ,data scientist,it,analytics,fulltime,be
460,2 , 6  ,1000000,1600000,Data Scientist,chennai,2023-05-24,,inncon  ,data scientist,it,analytics,fulltime,graduate
461,2 , 6  ,1000000,1600000,Data Scientist,chennai,2023-05-24,,inncon  ,data scientist,it,analytics,fulltime,
462,3 , 8  ,,,Data Scientist,,2023-05-24,,the search house a div of jsd search house pvt l td,,,,,
463,,,,,Data Scientist,,2023-05-24,,the search house a div of jsd search house pvt l td,,,,,
464,,,,,Data Scientist,,2023-05-24,,,,,,,
465,2 , 7  ,,,Data Scientist,gurgoan,2023-05-24,,huquo consulting pvt ltd,data scientist,it,analytics,fulltime,bca
466,7 , 12  ,,,Data Scientist,chennai,2023-05-24,,intelizest consulting,data scientist,it,analytics,fulltime,graduate
467,2 , 7  ,,,Data Scientist,gurgoan,2023-05-24,,huquo consulting pvt ltd,data scientist,it,analytics,fulltime,ba
468,2 , 6  ,1000000,1600000,Data Scientist,chennai,2023-05-27,,inncon  ,data scientist,it,analytics,fulltime,
469,2 , 7  ,,,Data Scientist,gurgoan,2023-06-01,,techum international private limited ,data scientist,it,analytics,fulltime,graduate
470,7 , 12  ,,,Data Scientist,chennai,2023-05-24,,intelizest consulting,data scientist,it,analytics,fulltime,graduate
471,1 , 5  ,,,Data Scientist,noida,2023-05-24,,career infosystem,data scientist,it,analytics,fulltime,be
472,2 , 7  ,,,Data Scientist,gurgoan,2023-05-24,,huquo consulting pvt ltd,data scientist,it,analytics,fulltime,be
473,1 , 5  ,,,Data Scientist,noida,2023-05-24,,career infosystem,data scientist,it,analytics,fulltime,be
474,,,,,Data Scientist,,2023-05-24,,,,it,analytics,fulltime,bca
475,,,,,Data Scientist,,2023-05-24,,,,,,,be
476,7 , 12  ,,,Data Scientist,chennai,2023-06-01,,intelizest consulting,data scientist,it,analytics,fulltime,graduate
477,2 , 7  ,,,Data Scientist,gurgoan,2023-05-24,,huquo consulting pvt ltd,data scientist,it,analytics,fulltime,ba
478,1 , 5  ,,,Data Scientist,noida,2023-05-24,,career infosystem,data scientist,it,analytics,fulltime,be
479,2 , 7  ,,,Data Scientist,gurgoan,2023-05-27,,huquo consulting pvt ltd,data scientist,it,analytics,fulltime,ba
480,2 , 7  ,,,Data Scientist,gurgoan,2023-05-24,,techum international private limited ,data scientist,it,analytics,fulltime,
481,3 , 8  ,500000,800000,Data Scientist,gurgoan,2023-06-01,,the search house a div of jsd search house pvt l td,data scientist,it,analytics,fulltime,
482,2 , 7  ,,,Data Scientist,,2023-05-24,,techum international private limited ,,,,,
483,,,,,Data Scientist,,2023-05-24,,techum international private limited ,,,,,
484,7 , 12  ,,,Data Scientist,chennai,2023-05-23,,intelizest consulting,data scientist,it,analytics,fulltime,graduate
485,2 , 7  ,,,Data Scientist,gurgoan,2023-05-26,,huquo consulting pvt ltd,data scientist,it,analytics,fulltime,be
486,1 , 5  ,,,Data Scientist,noida,2023-05-24,,career infosystem,data scientist,it,analytics,fulltime,be
487,7 , 12  ,,,Data Scientist,chennai,2023-05-24,,intelizest consulting,data scientist,it,analytics,fulltime,graduate
488,,,,,Data Scientist,,2023-05-24,,,,it,analytics,fulltime,graduate
489,2 , 7  ,,,Data Scientist,gurgoan,2023-05-26,,huquo consulting pvt ltd,data scientist,it,analytics,fulltime,bsc
490,1 , 5  ,,,Data Scientist,noida,2023-05-24,,career infosystem,data scientist,it,analytics,fulltime,be
491,3 , 8  ,500000,800000,Data Scientist,gurgoan,2023-05-24,,the search house a div of jsd search house pvt l td,,,,,
492,7 , 12  ,,,Data Scientist,chennai,2023-05-24,,intelizest consulting,,,,,
493,7 , 12  ,,,Data Scientist,chennai,2023-05-24,,intelizest consulting,data scientist,it,analytics,fulltime,graduate
494,2 , 7  ,,,Data Scientist,gurgoan,2023-05-24,,techum international private limited ,data scientist,it,analytics,fulltime,
495,1 , 5  ,,,Data Scientist,noida,2023-05-24,,career infosystem,data scientist,it,analytics,fulltime,be
496,3 , 8  ,500000,800000,Data Scientist,gurgoan,2023-05-24,,the search house a div of jsd search house pvt l td,,,,,
497,2 , 7  ,,,Data Scientist,gurgoan,2023-05-24,,huquo consulting pvt ltd,data scientist,it,analytics,fulltime,ba
498,7 , 12  ,,,Data Scientist,chennai,2023-05-24,,intelizest consulting,data scientist,it,analytics,fulltime,graduate
499,2 , 6  ,1000000,1600000,Data Scientist,chennai,2023-06-01,,inncon  ,,,,,
500,2 , 7  ,,,Data Scientist,gurgoan,2023-05-23,,techum international private limited ,data scientist,it,analytics,fulltime,graduate
501,2 , 7  ,,,Data Scientist,gurgoan,2023-05-24,,huquo consulting pvt ltd,data scientist,it,analytics,fulltime,
502,2 , 7  ,,,Data Scientist,gurgoan,2023-05-24,,huquo consulting pvt ltd,data scientist,it,analytics,fulltime,bca
503,1 , 5  ,,,Data Scientist,noida,2023-05-24,,career infosystem,data scientist,it,analytics,fulltime,be
504,2 , 7  ,,,Data Scientist,gurgoan,2023-05-24,,techum international private limited ,,,,,
505,1 , 5  ,,,Data Scientist,noida,2023-05-24,,career infosystem,data scientist,it,analytics,fulltime,be
506,2 , 7  ,,,Data Scientist,gurgoan,2023-05-24,,huquo consulting pvt ltd,data scientist,it,analytics,fulltime,be
507,7 , 12  ,,,Data Scientist,chennai,,,intelizest consulting,data scientist,it,analytics,fulltime,graduate
508,,,,,Data Scientist,delhi,,,,data scientist,banking,analytics,fulltime,be
509,7 , 12  ,,,Data Scientist,,,,intelizest consulting,,,,,
510,1 , 5  ,,,Data Scientist,noida,,,career infosystem,data scientist,it,analytics,fulltime,be
511,,,,,Data Scientist,,,,,,,,,
512,,,,,Data Scientist,chennai,,,,data scientist,it,analytics,fulltime,graduate
513,,,,,Data Scientist,,,,,,,,,be
514,1 , 5  ,,,Data Scientist,noida,,,career infosystem,data scientist,it,analytics,fulltime,be
515,2 , 7  ,,,Data Scientist,gurgoan,,,huquo consulting pvt ltd,data scientist,it,analytics,fulltime,be
516,7 , 12  ,,,Data Scientist,chennai,,,intelizest consulting,data scientist,it,analytics,fulltime,graduate
517,3 , 8  ,500000,800000,Data Scientist,gurgoan,,,the search house a div of jsd search house pvt l td,,,,,graduate
518,3 , 7  ,1800000,2000000,Data Scientist,gurgoan,,,zion hr services ,data scientist,it,,,
519,1 , 5  ,,,Data Scientist,delhi,,,huquo consulting pvt ltd,data scientist,it,analytics,fulltime,graduate
520,1 , 5  ,,,Data Scientist,noida,,,career infosystem,data scientist,it,analytics,fulltime,
521,1 , 5  ,,,Data Scientist,,,,huquo consulting pvt ltd,,,,,
522,1 , 5  ,,,Data Scientist,noida,,,career infosystem,data scientist,it,analytics,fulltime,be
523,2 , 7  ,,,Data Scientist,gurgoan,,,huquo consulting pvt ltd,data scientist,it,analytics,fulltime,ba
524,7 , 12  ,,,Data Scientist,chennai,,,intelizest consulting,data scientist,it,analytics,fulltime,graduate
525,1 , 6  ,,,Data Scientist,noida,,,huquo consulting pvt ltd,data scientist,insurance,analytics,fulltime,bsc
